originregion,destinationregion,remshare_reg,ypc_orig_reg,ypc_dest_reg,ypc_ratio_reg,remcost_reg,log_remshare_reg,OrigCategorical,DestCategorical,residual_ratio,residual_dest,exp_residual
SAS,SAS,0.6667635117329858,1.9968099650905877,1.9968099650905888,1.110223024625156e-15,0.03013178444836616,-0.40531985105900176,SAS,SAS,0.5634370594327132,0.5634370594328482,1.7567000182617976
SAS,EEU,0.2792762399067933,1.9968099650905873,2.222378756982161,0.2255687918915734,0.050842781944377365,-1.2755538798007926,SAS,EEU,-0.1452194964182283,-0.1452194964180471,0.8648324446520064
SAS,MAF,0.9268705954864932,1.9968099650905877,2.108363341144538,0.1115533760539506,0.050842781944377365,-0.07594131810501478,SAS,MAF,0.8743260488868285,0.8743260488870435,2.3972591139666983
SAS,WEU,0.15445939670009418,1.996809965090588,2.368015715511733,0.3712057504211455,0.03801422270658946,-1.8678240217136337,SAS,WEU,-0.3869029736604861,-0.38690297366041326,0.6791569878463968
SAS,SSA,1.4724947826951076,1.9968099650905875,1.9474481570858992,-0.04936180800468823,0.09181499999999998,0.3869580933761104,SAS,SSA,0.6979797834690445,0.6979797834695206,2.009688597534855
SAS,SIS,0.42986439470522936,1.996809965090588,2.1568473080411072,0.16003734295051933,0.050842781944377365,-0.844285481181943,SAS,SIS,0.1825536651409102,0.18255366514111093,1.2002785623434187
SAS,LAM,0.5918474281916596,1.9968099650905873,2.1891536186005047,0.19234365350991736,0.050842781944377365,-0.5245063999635442,SAS,LAM,0.5533548025460564,0.5533548025462482,1.7390775040424855
SAS,FSU,0.3340478540146171,1.9968099650905873,2.132593783672901,0.1357838185823138,0.050842781944377365,-1.0964710207755242,SAS,FSU,-0.10793599094304573,-0.1079359909428379,0.8976850545652794
SAS,ANZ,0.12815397820294783,1.9968099650905875,2.378254423210608,0.38144445812002037,0.05013109176279728,-2.0545227833222657,SAS,ANZ,-0.6713212167550782,-0.6713212167549467,0.511032946265979
SAS,MDE,0.24485108609806916,1.9968099650905873,2.2648764957683993,0.26806653067781205,0.031286051884703084,-1.407105065074528,SAS,MDE,-0.02583414347036017,-0.02583414347029267,0.9744967028473531
SAS,CAM,0.49037334975005253,1.9968099650905877,2.1518801099568052,0.15507014486621734,0.050842781944377365,-0.712588239739648,SAS,CAM,0.3064061030336934,0.3064061030338959,1.358533899276443
SAS,SEA,0.30067809677549284,1.9968099650905873,2.1247271500993845,0.12791718500879715,0.04662820455089778,-1.2017150324271946,SAS,SEA,-0.1859900068104985,-0.18599000681031197,0.8302818921047628
SAS,CAN,0.16842565688152908,1.9968099650905875,2.3716568817588692,0.37484691666828196,0.045554432101362057,-1.7812608320003498,SAS,CAN,-0.3654616568468867,-0.365461656846773,0.6938762442056728
SAS,CHI,0.3902967533561035,1.9968099650905875,2.276561468341496,0.27975150325090853,0.050842781944377365,-0.9408479231593903,SAS,CHI,0.27505839014824596,0.27505839014841293,1.3166075495332372
SAS,JPK,0.19363513158831372,1.9968099650905875,2.344845494809532,0.34803552971894436,0.09750776699029126,-1.6417796557867386,SAS,JPK,-0.7566475807224775,-0.7566475807220832,0.4692368718792796
SAS,USA,0.13853712944879473,1.9968099650905875,2.3973736443904943,0.40056367929990666,0.02651648305438923,-1.9766169066197021,SAS,USA,-0.341259913996524,-0.3412599139965222,0.710874118059627
EEU,SAS,0.0,2.22237875698216,1.9968099650905862,-0.22556879189157364,0.04972804878048781,-Inf,EEU,SAS,-Inf,-Inf,0.0
EEU,EEU,0.17485851065811656,2.2223787569821614,2.222378756982163,1.9984014443252798e-15,0.04972804878048781,-1.7437781426045842,EEU,EEU,0.5150729265988783,0.5150729265988214,1.673760559011772
EEU,MAF,0.1774525637149659,2.22237875698216,2.108363341144538,-0.11401541583762165,0.04972804878048781,-1.7290519524596717,EEU,MAF,0.3497321003530591,0.34973210035303604,1.4186874318168523
EEU,WEU,0.07335540571340012,2.2223787569821627,2.3680157155117287,0.1456369585295662,0.0,-2.6124390795844747,EEU,WEU,0.3438268297213809,0.3438268297210203,1.4103343863613103
EEU,SSA,0.04483750149527887,2.222378756982163,1.9474481570859017,-0.2749305998962612,0.04972804878048781,-3.104710402774891,EEU,SSA,-1.2800631863937073,-1.280063186393686,0.2780197328338855
EEU,SIS,0.1860269573586413,2.2223787569821627,2.1568473080411064,-0.0655314489410565,0.04972804878048781,-1.6818636837348626,EEU,SIS,0.4734921484088923,0.47349214840885145,1.6055913778048825
EEU,LAM,0.15600213667658847,2.2223787569821605,2.1891536186005043,-0.0332251383816562,0.04972804878048781,-1.8578855751816004,EEU,LAM,0.34849231314889306,0.3484923131488433,1.4169296511543141
EEU,FSU,0.17400471173145554,2.222378756982162,2.1325937836729003,-0.08978497330926136,0.04972804878048781,-1.7486729012178241,EEU,FSU,0.3683788144355524,0.3683788144355187,1.4453894696761154
EEU,ANZ,0.08715874820610396,2.222378756982161,2.378254423210608,0.15587566622844715,0.04972804878048781,-2.440024131031524,EEU,ANZ,0.06500475491248858,0.06500475491238555,1.0671640986440287
EEU,MDE,0.18448393624901752,2.222378756982161,2.2648764957683984,0.04249773878623778,0.09945609756097562,-1.6901928856930433,EEU,MDE,0.1683685468408196,0.168368546841015,1.183372658545657
EEU,CAM,0.224905654786063,2.2223787569821596,2.151880109956804,-0.07049864702535584,0.04972804878048781,-1.4920742767755444,EEU,CAM,0.6554367518186828,0.6554367518186437,1.9259835105113225
EEU,SEA,0.294114189395895,2.222378756982161,2.124727150099386,-0.09765160688277505,0.04972804878048781,-1.2237871877451756,EEU,SEA,0.8808405830739368,0.8808405830739066,2.41292711988873
EEU,CAN,0.07981504714611348,2.222378756982161,2.3716568817588697,0.14927812477670868,0.04972804878048781,-2.5280432315734744,EEU,CAN,-0.033433985780759734,-0.033433985780860986,0.9671187527135299
EEU,CHI,0.234597400258359,2.2223787569821605,2.2765614683414954,0.05418271135933491,0.04972804878048781,-1.4498844244168358,EEU,CHI,0.8945385747116932,0.8945385747116186,2.4462067873351723
EEU,JPK,0.06254767030095908,2.222378756982161,2.344845494809531,0.1224667378273702,0.04972804878048781,-2.7718262881511877,EEU,JPK,-0.3195608466396451,-0.3195608466397357,0.7264679978946724
EEU,USA,0.08230411711704971,2.222378756982161,2.3973736443904943,0.1749948874083331,0.04972804878048781,-2.497334146826789,EEU,USA,0.037890139346958396,0.03789013934684826,1.0386171234551016
MAF,SAS,0.040740922071308285,2.1083633411445377,1.9968099650905884,-0.11155337605394954,0.05640657601716745,-3.2005222353687057,MAF,SAS,-1.9258112058207382,-1.9258112058205765,0.14575746957731223
MAF,EEU,0.3221861671987882,2.108363341144538,2.222378756982161,0.11401541583762287,0.05640657601716745,-1.1326257415048049,MAF,EEU,0.49833096805384813,0.4983309680539476,1.6459717973467205
MAF,MAF,0.3635830828305486,2.108363341144538,2.108363341144538,0.0,0.05640657601716745,-1.0117474446299,MAF,MAF,0.43914224853803385,0.4391422485381635,1.5513759526538922
MAF,WEU,0.10945739604659198,2.108363341144539,2.368015715511732,0.25965237436719285,0.05775890522352707,-2.2122198826358273,MAF,WEU,-0.36396647328250653,-0.3639664732824426,0.6949144925542329
MAF,SSA,0.8495747040355645,2.1083633411445395,1.9474481570858988,-0.16091518405864064,0.05640657601716745,-0.1630194029071553,MAF,SSA,1.033733453829219,1.033733453829395,2.8115430305591813
MAF,SIS,0.38349715882566776,2.108363341144539,2.156847308041104,0.04848396689656527,0.05640657601716745,-0.9584230667402936,MAF,SIS,0.5690384057586483,0.5690384057587637,1.7665675132839118
MAF,LAM,0.5175961503389406,2.1083633411445377,2.189153618600504,0.08079027745596604,0.05640657601716745,-0.6585599733444715,MAF,LAM,0.9199235553412178,0.9199235553413244,2.5090985754203445
MAF,FSU,0.3557290561373212,2.108363341144538,2.1325937836729016,0.024230442528363216,0.05640657601716745,-1.0335859161631546,MAF,FSU,0.4555714398454196,0.4555714398455404,1.5770743287019566
MAF,ANZ,0.1771749545402876,2.108363341144538,2.378254423210608,0.26989108206606954,0.05640657601716745,-1.730617590866702,MAF,ANZ,0.1465169354325082,0.14651693543255973,1.1577945384036878
MAF,MDE,0.5080359978963429,2.1083633411445377,2.2648764957683998,0.15651315462386173,0.06171394782797529,-0.6772029719135731,MAF,MDE,0.9709859294824116,0.9709859294825253,2.6405465691071717
MAF,CAM,0.36935168186683814,2.1083633411445377,2.151880109956805,0.04351676881226694,0.05640657601716745,-0.9960060214321665,MAF,CAM,0.5236106475172636,0.5236106475173808,1.6881118359724259
MAF,SEA,0.0722863735298613,2.1083633411445377,2.1247271500993863,0.016363808954848135,0.05640657601716745,-2.6271196388132534,MAF,SEA,-1.1503862276389416,-1.1503862276388208,0.31651449912081037
MAF,CAN,0.09289435438575677,2.108363341144538,2.3716568817588697,0.26329354061433147,0.05640657601716745,-2.376292405883492,MAF,CAN,-0.5095775197355796,-0.5095775197355263,0.6007493299418336
MAF,CHI,0.48031198451573526,2.108363341144538,2.2765614683414954,0.16819812719695712,0.05640657601716745,-0.7333194184766341,MAF,CHI,0.9832092210070944,0.9832092210071743,2.673020806312862
MAF,JPK,0.27286082992009975,2.108363341144538,2.344845494809532,0.2364821536649937,0.05640657601716745,-1.2987933942918948,MAF,JPK,0.5255776875748472,0.5255776875749094,1.6914356875783585
MAF,USA,0.09755313470764998,2.108363341144538,2.3973736443904943,0.289010303245956,0.04974687499999999,-2.3273580780607857,MAF,USA,-0.35743183973103054,-0.35743183973102166,0.6994703734067461
WEU,SAS,0.03339399767070611,2.3680157155117314,1.9968099650905882,-0.3712057504211434,0.0591314428404501,-3.3993791056072427,WEU,SAS,-0.8633044392843159,-0.8633044392844083,0.42176607668751365
WEU,EEU,0.08947991402525368,2.3680157155117314,2.2223787569821627,-0.14563695852956887,0.0591314428404501,-2.4137411031870704,WEU,EEU,0.47857924314654543,0.47857924314638733,1.6137799837016333
WEU,MAF,0.0755855050629705,2.3680157155117314,2.10836334114454,-0.2596523743671915,0.0591314428404501,-2.5824907461508637,WEU,MAF,0.1297625837920311,0.12976258379190497,1.1385580391016457
WEU,WEU,0.10728473584445711,2.3680157155117296,2.3680157155117216,-7.993605777301159e-15,0.0591314428404501,-2.2322688962733586,WEU,WEU,0.8900590539090545,0.8900590539088573,2.4352734594610133
WEU,SSA,0.07918221246829975,2.368015715511732,1.9474481570859004,-0.4205675584258314,0.0591314428404501,-2.536003595432599,WEU,SSA,-0.07788710192127057,-0.07788710192134873,0.9250688591451982
WEU,SIS,0.13424533993448381,2.36801571551173,2.156847308041105,-0.2111684074706247,0.0591314428404501,-2.0080862580430536,WEU,SIS,0.7807388512308351,0.7807388512306983,2.1830846445473697
WEU,LAM,0.13939478341189018,2.368015715511732,2.1891536186005003,-0.1788620969112318,0.0591314428404501,-1.9704452030783757,WEU,LAM,0.8694019623822693,0.8694019623821219,2.3854838177967546
WEU,FSU,0.0656454506423847,2.368015715511731,2.1325937836729034,-0.2354219318388276,0.0591314428404501,-2.7234869777801913,WEU,FSU,0.027034015003338574,0.027034015003207124,1.0274027492770799
WEU,ANZ,0.039374315071359134,2.368015715511731,2.378254423210608,0.010238707698876819,0.0591314428404501,-3.2346415770007364,WEU,ANZ,-0.09614341392657044,-0.09614341392677295,0.9083337390190087
WEU,MDE,0.12397584375895424,2.368015715511732,2.2648764957683976,-0.10313921974333412,0.0591314428404501,-2.0876685407502507,WEU,MDE,0.8717694051673384,0.8717694051671696,2.3911380045910873
WEU,CAM,0.18436620360491474,2.368015715511732,2.151880109956806,-0.2161356055549256,0.0591314428404501,-1.6908312622876551,WEU,CAM,1.0901490434367378,1.090149043436601,2.974717401629463
WEU,SEA,0.07380746769945748,2.368015715511732,2.124727150099388,-0.24328856541234364,0.0591314428404501,-2.6062953641553728,WEU,SEA,0.13180168379389823,0.13180168379377033,1.1408820414326293
WEU,CAN,0.07029714253836367,2.3680157155117305,2.37165688175887,0.003641166247139928,0.0591314428404501,-2.6550241276720765,WEU,CAN,0.47305439525078796,0.4730543952505908,1.6048886789241716
WEU,CHI,0.11968519401261159,2.3680157155117314,2.2765614683414923,-0.09145424717023898,0.0591314428404501,-2.122890366528138,WEU,CHI,0.8550019097305408,0.8550019097303703,2.3513788710706574
WEU,JPK,0.11129196628428803,2.368015715511731,2.3448454948095305,-0.023170220702200466,0.0591314428404501,-2.195598204039952,WEU,JPK,0.8901365146017439,0.8901365146015521,2.4354621047362737
WEU,USA,0.07985138257604901,2.3680157155117305,2.3973736443904943,0.029357928878763623,0.0591314428404501,-2.527588089805402,WEU,USA,0.6411054734984951,0.6411054734982873,1.898578547902322
SSA,SAS,2.196439916295834,1.9474481570859,1.9968099650905877,0.04936180800468767,0.049109087652403904,0.7868378297667478,SSA,SAS,1.3325585922364505,1.3325585922367364,3.7907299224880955
SSA,EEU,0.5758513007975274,1.9474481570858992,2.222378756982162,0.27493059989626245,0.049109087652403904,-0.5519058099524716,SSA,EEU,0.35006063252791475,0.35006063252813857,1.4191535928545245
SSA,MAF,0.12730077247159038,1.9474481570858997,2.1083633411445355,0.1609151840586359,0.049109087652403904,-2.06120270531786,SSA,MAF,-1.3393032792281998,-1.3393032792279422,0.2620281654639343
SSA,WEU,0.17015861625199574,1.9474481570858988,2.368015715511742,0.42056755842584337,0.05439864336579779,-1.771024240163678,SSA,WEU,-0.6887681433144426,-0.6887681433142312,0.5021943196199078
SSA,SSA,0.43981512081468344,1.9474481570859061,1.947448157085918,1.176836406102659e-14,0.10139425229176488,-0.8214008203367965,SSA,SSA,-0.8450804830988777,-0.8450804830982986,0.4295227874946025
SSA,SIS,0.4453353354611498,1.9474481570858995,2.1568473080410966,0.20939915095519723,0.049109087652403904,-0.8089277177677667,SSA,SIS,-0.01045651234711098,-0.010456512346867619,0.9895979669250462
SSA,LAM,0.17706362422314117,1.9474481570859,2.189153618600507,0.24170546151460706,0.049109087652403904,-1.7312461521103728,SSA,LAM,-0.8817528905029448,-0.8817528905027103,0.4140564795189349
SSA,FSU,0.7355501726282847,1.947448157085899,2.132593783672888,0.18514562658698883,0.049109087652403904,-0.3071365255931497,SSA,FSU,0.4530305633371277,0.4530305633373764,1.5730722641173998
SSA,ANZ,0.048226390797100664,1.9474481570859,2.3782544232106075,0.4308062661247078,0.0,-3.031848880852948,SSA,ANZ,-1.4221151666371235,-1.4221151666372034,0.2412032917975287
SSA,MDE,0.048756363864196406,1.9474481570859,2.264876495768401,0.31742833868250087,0.033171842173157697,-3.0209195492539616,SSA,MDE,-1.9020370725912068,-1.9020370725910825,0.14926424720711062
SSA,CAM,0.6633345200129925,1.9474481570859,2.151880109956806,0.20443195287090588,0.049109087652403904,-0.4104758609689985,SSA,CAM,0.3801505409021703,0.3801505409024119,1.4625047396459376
SSA,SEA,0.9253440883020434,1.9474481570859,2.124727150099386,0.1772789930134857,0.049109087652403904,-0.07758962328629396,SSA,SEA,0.6701535208097494,0.6701535208099999,1.9545373597623816
SSA,CAN,0.11436537260540597,1.9474481570858995,2.3716568817588706,0.4242087246729712,0.06400757086393558,-2.1683569328710823,SSA,CAN,-1.1706671439032923,-1.1706671439030312,0.3101599509066915
SSA,CHI,0.49183951474154863,1.9474481570858997,2.2765614683414923,0.3291133112555926,0.049109087652403904,-0.7096028052509097,SSA,CHI,0.27793556715454504,0.27793556715475287,1.320401117267026
SSA,JPK,0.6981807559568923,1.9474481570859,2.344845494809533,0.39739733772363317,0.049109087652403904,-0.3592772470558565,SSA,JPK,0.7361035677326206,0.7361035677328107,2.087784733520557
SSA,USA,0.1742754476792872,1.9474481570858995,2.397373644390495,0.4499254873045956,0.0416822172197675,-1.7471181988034075,SSA,USA,-0.49897139694392,-0.498971396943785,0.6071548599749338
SIS,SAS,0.039780077622595895,2.156847308041105,1.996809965090585,-0.16003734295052016,0.0727484195221342,-3.2243890542611835,SIS,SAS,-1.86296703481226,-1.8629670348120628,0.1552114287932843
SIS,EEU,0.0088253462111267,2.156847308041107,2.2223787569821605,0.0655314489410538,0.0727484195221342,-4.730127446209709,SIS,EEU,-3.0124597467500873,-3.0124597467499523,0.04917058270769205
SIS,MAF,0.5640116548959078,2.156847308041104,2.108363341144537,-0.048483966896567345,0.0727484195221342,-0.572680362988534,SIS,MAF,0.9649203200803522,0.9649203200805192,2.6245785219370372
SIS,WEU,0.12041746628415567,2.156847308041103,2.36801571551173,0.2111684074706274,0.0547619209812816,-2.1167906878235985,SIS,WEU,-5.5472070799478246e-5,-5.547207080303096e-5,0.9999445294677474
SIS,SSA,0.11654556672464476,2.1568473080411037,1.947448157085902,-0.20939915095520165,0.0727484195221342,-2.149472951764402,SIS,SSA,-0.8660091051270786,-0.8660091051268672,0.42062688165166656
SIS,SIS,0.3002406565978872,2.156847308041103,2.1568473080411037,6.661338147750937e-16,0.08349374999999998,-1.203170937247667,SIS,SIS,0.31000328885582196,0.3100032888560298,1.363429598248176
SIS,LAM,0.3154674520051465,2.1568473080411072,2.1891536186005007,0.03230631055939323,0.0727484195221342,-1.1536997655392112,SIS,LAM,0.5114947530474465,0.5114947530475868,1.6677822553306565
SIS,FSU,0.2740359378357589,2.1568473080411055,2.1325937836729096,-0.02425352436819598,0.0727484195221342,-1.294496021210264,SIS,FSU,0.2813723246992803,0.2813723246994402,1.3249468225380894
SIS,ANZ,0.04033020098796135,2.1568473080411046,2.378254423210608,0.2214071151695033,0.08940408250406826,-3.2106546865248164,SIS,ANZ,-1.4033602032582264,-1.4033602032580506,0.24576973862085777
SIS,MDE,0.2320071678245367,2.1568473080411072,2.264876495768402,0.10802918772729483,0.0727484195221342,-1.4609870119976756,SIS,MDE,0.3237982870459297,0.3237982870460523,1.3823684373734888
SIS,CAM,0.316634526769156,2.156847308041106,2.1518801099568057,-0.004967198084300314,0.0727484195221342,-1.1500070826197584,SIS,CAM,0.4563205762306366,0.45632057623079114,1.5782562151055597
SIS,SEA,0.23806897326838258,2.1568473080411072,2.1247271500993885,-0.032120157941718755,0.0727484195221342,-1.435194843646962,SIS,SEA,0.12824955742832178,0.12824955742848165,1.1368366733361501
SIS,CAN,0.05333616327613804,2.156847308041104,2.3716568817588706,0.21480957371776632,0.0813213557607672,-2.9311406923965393,SIS,CAN,-1.0582941379206066,-1.0582941379204698,0.3470473205330579
SIS,CHI,0.14242346887971202,2.156847308041104,2.276561468341492,0.11971416030038759,0.0727484195221342,-1.9489504840353238,SIS,CHI,-0.14571085465064826,-0.14571085465052924,0.8644076064930737
SIS,JPK,0.0,2.1568473080411046,2.344845494809532,0.18799818676842697,0.0727484195221342,-Inf,SIS,JPK,-Inf,-Inf,0.0
SIS,USA,0.08106080890779624,2.156847308041104,2.3973736443904943,0.24052633634938994,0.05476098836455395,-2.5125556787077064,SIS,USA,-0.34944608391927234,-0.3494460839192848,0.705078535910735
LAM,SAS,0.13471819751617428,2.1891536186005043,1.9968099650905864,-0.192343653509918,0.06180897405438803,-2.004570108059706,LAM,SAS,-0.3801980407063019,-0.3801980407061971,0.6837259902255413
LAM,EEU,0.07447310796334698,2.189153618600503,2.222378756982161,0.033225138381657866,0.06180897405438803,-2.597317185695809,LAM,EEU,-0.616699438331723,-0.6166994383316804,0.5397228897160181
LAM,MAF,0.1011969015110514,2.1891536186005043,2.1083633411445373,-0.08079027745596702,0.06180897405438803,-2.2906871400772255,LAM,MAF,-0.49013640910385536,-0.49013640910378253,0.6125428320664337
LAM,WEU,0.08131681892049855,2.189153618600503,2.3680157155117323,0.17886209691122926,0.04436641535964269,-2.509402409033131,LAM,WEU,-0.1348297815317392,-0.13482978153183156,0.8738646469306005
LAM,SSA,0.05335006516376655,2.1891536186005065,1.9474481570859006,-0.2417054615146059,0.06180897405438803,-2.9308800797961974,LAM,SSA,-1.3844661852543796,-1.3844661852542588,0.25045746199945934
LAM,SIS,0.09975200166837539,2.1891536186005043,2.1568473080411086,-0.032306310559396055,0.06180897405438803,-2.3050681565626197,LAM,SIS,-0.42794564625823606,-0.42794564625817744,0.6518468441509009
LAM,LAM,0.12238613123018059,2.1891536186005034,2.1891536186005056,2.2204460492503107e-15,0.04105887724556801,-2.100574222266597,LAM,LAM,0.022606056247282957,0.022606056247220785,1.0228635094773997
LAM,FSU,0.11630337588513377,2.189153618600503,2.1325937836729008,-0.05655983492760214,0.06180897405438803,-2.151553192491584,LAM,FSU,-0.3127347986775839,-0.31273479867751464,0.7314438667300251
LAM,ANZ,0.030570551646697617,2.1891536186005043,2.378254423210608,0.189100804610104,0.06180897405438803,-3.4877180978808218,LAM,ANZ,-1.260922533776177,-1.2609225337761787,0.28339246674697943
LAM,MDE,0.040036829286284624,2.189153618600503,2.2648764957683998,0.07572287716789684,0.06180897405438803,-3.2179555163249343,LAM,MDE,-1.1702201693768717,-1.1702201693768397,0.3102986154913226
LAM,CAM,0.16628932725968523,2.1891536186005043,2.151880109956804,-0.03727350864370002,0.06180897405438803,-1.794026072475408,LAM,CAM,0.07525163427945847,0.07525163427952064,1.0781554176148518
LAM,SEA,0.1519965522320177,2.189153618600503,2.124727150099384,-0.06442646850111887,0.06180897405438803,-1.8838974410772107,LAM,SEA,-0.057502992097475,-0.05750299209740395,0.9441190654859241
LAM,CAN,0.040115025189626494,2.189153618600504,2.3716568817588697,0.18250326315836574,0.09536153846153844,-3.2160043218413668,LAM,CAN,-1.3149979284319082,-1.3149979284317324,0.26847487940265413
LAM,CHI,0.1498985516351661,2.1891536186005043,2.276561468341496,0.08740784974099132,0.06180897405438803,-1.897796536127295,LAM,CHI,0.16839314116187154,0.1683931411618964,1.183401763150648
LAM,JPK,0.10865189191884493,2.1891536186005043,2.344845494809531,0.1556918762090268,0.0872793103448276,-2.219606159464483,LAM,JPK,-0.28497654570029063,-0.2849765457001485,0.7520318924939339
LAM,USA,0.05691631520943999,2.189153618600504,2.3973736443904943,0.20822002578999024,0.040978728860363425,-2.8661732441623657,LAM,USA,-0.41339323168734143,-0.413393231687464,0.6614021474020201
FSU,SAS,2.110496044892776,2.1325937836729016,1.9968099650905855,-0.1357838185823158,0.04824421370116481,0.7469230122243397,FSU,SAS,2.2184532410469835,2.218453241047076,9.193100352855941
FSU,EEU,0.11665652859160185,2.132593783672902,2.222378756982164,0.08978497330926183,0.07308023255813956,-2.148521314728889,FSU,EEU,-0.5541857925216753,-0.5541857925215155,0.5745398654622134
FSU,MAF,0.12804767144910903,2.1325937836729016,2.10836334114454,-0.02423044252836177,0.04824421370116481,-2.0553526512023836,FSU,MAF,-0.40764375875976633,-0.4076437587597077,0.6652158139234441
FSU,WEU,0.05000112443901429,2.1325937836729034,2.3680157155117274,0.23542193183882393,0.057627142326489314,-2.995709785026574,FSU,WEU,-1.026118929090038,-1.0261189290900026,0.35839522212665786
FSU,SSA,0.0961752609566257,2.132593783672904,1.9474481570859041,-0.18514562658699957,0.04824421370116481,-2.3415831169954897,FSU,SSA,-0.9480110609844248,-0.9480110609843182,0.3875109932226041
FSU,SIS,0.10297585972843058,2.132593783672904,2.156847308041106,0.024253524368201763,0.04824421370116481,-2.2732606897904444,FSU,SIS,-0.5489800180168118,-0.5489800180167657,0.577538589013032
FSU,LAM,0.11968662497647799,2.1325937836729016,2.189153618600504,0.05655983492760177,0.04824421370116481,-2.122878410535386,FSU,LAM,-0.34757568257501337,-0.34757568257497784,0.7063985498452011
FSU,FSU,0.15859383447149916,2.1325937836729025,2.1325937836729008,-1.6653345369377362e-15,0.015437693247719318,-1.8414088452438453,FSU,FSU,0.15292497384296833,0.1529249738428493,1.1652375523675558
FSU,ANZ,0.04458562837764585,2.1325937836729016,2.3782544232106075,0.2456606395377064,0.04824421370116481,-3.110343705569619,FSU,ANZ,-1.0363899799957323,-1.0363899799957466,0.35473296635913903
FSU,MDE,0.06447228866709359,2.132593783672902,2.2648764957683984,0.13228271209549627,0.04824421370116481,-2.7415197805674563,FSU,MDE,-0.846626272150143,-0.8466262721501288,0.4288593487726859
FSU,CAM,0.10016063927763094,2.132593783672901,2.1518801099568043,0.019286326283903157,0.04824421370116481,-2.3009799890865104,FSU,CAM,-0.584544120862402,-0.5845441208623541,0.557359892651288
FSU,SEA,0.07962131047696393,2.132593783672902,2.1247271500993876,-0.007866633573514642,0.04824421370116481,-2.530473502402438,FSU,SEA,-0.8569208919534428,-0.8569208919533877,0.42446705213091285
FSU,CAN,0.043786759920391945,2.1325937836729016,2.37165688175887,0.23906309808596826,0.04824421370116481,-3.1284237922195914,FSU,CAN,-1.0648897067969973,-1.0648897067970133,0.3447658780033004
FSU,CHI,0.0974645106352909,2.1325937836729016,2.276561468341494,0.14396768466859292,0.04824421370116481,-2.3282669607242394,FSU,CHI,-0.4149191219658346,-0.41491912196582215,0.6603936898885523
FSU,JPK,0.022066723150742085,2.1325937836729016,2.344845494809531,0.21225171113662944,0.04824421370116481,-3.813684545009257,FSU,JPK,-1.792494263867837,-1.7924942638678423,0.16654424587594824
FSU,USA,0.04359697660288653,2.1325937836729016,2.3973736443904943,0.2647798607175925,0.04683178667231105,-3.132767475002045,FSU,USA,-1.0153425696302216,-1.0153425696302536,0.3622783030283618
ANZ,SAS,0.06356869201328044,2.3782544232106075,1.9968099650905875,-0.38144445812002004,0.0591314428404501,-2.7556341937798634,ANZ,SAS,-0.16881104168946015,-0.1688110416895614,0.8446684954393016
ANZ,EEU,0.06089796059480711,2.3782544232106075,2.2223787569821605,-0.15587566622844726,0.0591314428404501,-2.798555592597012,ANZ,EEU,0.14451323950408046,0.14451323950391348,1.1554769928048456
ANZ,MAF,0.06175560016399132,2.3782544232106075,2.1083633411445377,-0.2698910820660696,0.0591314428404501,-2.7845706166713837,ANZ,MAF,-0.021568800961015988,-0.02156880096114744,0.9786621422569133
ANZ,WEU,0.04704926991800156,2.3782544232106075,2.368015715511731,-0.010238707698876547,0.0591314428404501,-3.0565599302230733,ANZ,WEU,0.11651650572684291,0.11651650572663508,1.1235760557536154
ANZ,SSA,0.024747964345397628,2.378254423210608,1.9474481570858992,-0.4308062661247087,0.0591314428404501,-3.699012042020848,ANZ,SSA,-1.1901470627420432,-1.1901470627421302,0.3041765277430264
ANZ,SIS,0.037590523276309726,2.3782544232106075,2.156847308041104,-0.2214071151695033,0.0591314428404501,-3.2810033008775163,ANZ,SIS,-0.44142970583614227,-0.4414297058362897,0.6431162963638036
ANZ,LAM,0.05989598514303917,2.3782544232106075,2.1891536186005043,-0.1891008046101033,0.0591314428404501,-2.8151458020997437,ANZ,LAM,0.07544984912838482,0.07544984912822672,1.078369145209365
ANZ,FSU,0.05466098508056222,2.3782544232106075,2.1325937836729016,-0.24566063953770587,0.0591314428404501,-2.9066050766804263,ANZ,FSU,-0.10533559812941817,-0.1053355981295585,0.9000224260549671
ANZ,ANZ,0.013899942878667408,2.3782544232106075,2.3782544232106075,-1.1102230246251565e-16,0.0591314428404501,-4.275870548302323,ANZ,ANZ,-1.0866238994606787,-1.0866238994608883,0.33735351265762853
ANZ,MDE,0.06589197607761348,2.3782544232106075,2.2648764957683998,-0.1133779274422079,0.0591314428404501,-2.719738603951958,ANZ,MDE,0.29044782773311084,0.2904478277329332,1.3370261113479598
ANZ,CAM,0.05526870066984661,2.3782544232106075,2.1518801099568043,-0.22637431325380328,0.0591314428404501,-2.8955485221911803,ANZ,CAM,-0.06381973069931446,-0.06381973069946012,0.9381741082781343
ANZ,SEA,0.038518563133463586,2.3782544232106075,2.124727150099385,-0.2535272731112228,0.0591314428404501,-3.256614994579106,ANZ,SEA,-0.4677694608623604,-0.4677694608625007,0.6263979162482759
ANZ,CAN,0.05282948647493931,2.3782544232106075,2.3716568817588692,-0.00659754145173833,0.0591314428404501,-2.9406857881836626,ANZ,CAN,0.23814122050668374,0.2381412205064759,1.268888373231632
ANZ,CHI,0.060724743836088536,2.3782544232106075,2.2765614683414954,-0.1016929548691124,0.0591314428404501,-2.801404022528677,ANZ,CHI,0.22723673949748902,0.22723673949730427,1.2551269708992647
ANZ,JPK,0.056919776527919436,2.3782544232106075,2.344845494809532,-0.03340892840107572,0.0591314428404501,-2.8661124318412874,ANZ,JPK,0.2703707725678903,0.2703707725676896,1.3104502396695312
ANZ,USA,0.04225295059300424,2.3782544232106075,2.3973736443904943,0.019119221179886396,0.0591314428404501,-3.1640810910966,ANZ,USA,0.05536095797478069,0.0553609579745622,1.0569220502730101
MDE,SAS,0.007481798891937421,2.2648764957684,1.9968099650905862,-0.2680665306778142,0.07083533153271533,-4.895282022335174,MDE,SAS,-2.980428215005391,-2.9804282150053165,0.05077108826749906
MDE,EEU,0.10456947495269647,2.2648764957683993,2.2223787569821623,-0.04249773878623705,0.07083533153271533,-2.2579035963969973,MDE,EEU,0.013195890943470623,0.013195890943481281,1.0132833409492468
MDE,MAF,0.20958084703449792,2.2648764957683998,2.1083633411445377,-0.1565131546238623,0.07083533153271533,-1.562645709362738,MDE,MAF,0.528386761587009,0.5283867615870517,1.6961937353369598
MDE,WEU,0.03738641496536669,2.264876495768398,2.3680157155117314,0.10313921974333318,0.08468841042850356,-3.2864478767680483,MDE,WEU,-0.9155495807974416,-0.9155495807974008,0.40029657031881527
MDE,SSA,0.3207176136296217,2.2648764957683962,1.9474481570858997,-0.31742833868249654,0.07083533153271533,-1.1371942513415012,MDE,SSA,0.6997013831766632,0.6997013831767502,2.0131514568102347
MDE,SIS,0.6190980100556565,2.2648764957683984,2.1568473080411072,-0.10802918772729135,0.07083533153271533,-0.47949168271561904,MDE,SIS,1.6881125675651307,1.688112567565161,5.4092614485800885
MDE,LAM,0.4749692093124983,2.2648764957683998,2.189153618600505,-0.07572287716789493,0.07083533153271533,-0.7445052995485685,MDE,LAM,1.4741210069189394,1.4741210069189572,4.367195350827781
MDE,FSU,0.05977826809082952,2.264876495768399,2.1325937836729,-0.13228271209549916,0.07083533153271533,-2.817113093927263,MDE,FSU,-0.6878129601368843,-0.6878129601368488,0.5026742363535807
MDE,ANZ,0.10819029026844061,2.2648764957683998,2.378254423210608,0.11337792744220805,0.1005810344827586,-2.2238636553355136,MDE,ANZ,0.013825827641321453,0.013825827641444022,1.0139218463989246
MDE,MDE,0.21653908315453635,2.2648764957683998,2.2648764957683998,2.2204460492503128e-16,0.0,-1.5299842251780984,MDE,MDE,1.4740330962772255,1.4740330962768506,4.366811444756961
MDE,CAM,0.3068467673280345,2.2648764957684,2.151880109956804,-0.11299638581159624,0.07083533153271533,-1.1814067852260395,MDE,CAM,0.9783526615052056,0.9783526615052376,2.660070593909582
MDE,SEA,0.31563278682435825,2.2648764957683998,2.124727150099386,-0.14014934566901371,0.07083533153271533,-1.1531758081301604,MDE,SEA,0.963700380825961,0.9637003808260001,2.621378647794783
MDE,CAN,0.09788101482718106,2.2648764957683993,2.3716568817588697,0.1067803859904705,0.08947592592592592,-2.324002672386414,MDE,CAN,0.0076470571657778486,0.00764705716584535,1.007676370580238
MDE,CHI,0.1686410821794452,2.2648764957683998,2.2765614683414954,0.011684972573095798,0.07083533153271533,-1.7799825965515008,MDE,CHI,0.5766888207140408,0.5766888207140337,1.7801343174773774
MDE,JPK,0.03593276785963142,2.2648764957683998,2.344845494809531,0.07996899904113121,0.07083533153271533,-3.326105646044125,MDE,JPK,-0.8615917863955698,-0.8615917863955946,0.42248903448829683
MDE,USA,0.06129780004247685,2.2648764957683993,2.3973736443904943,0.13249714862209488,0.07943128682638859,-2.7920113250611873,MDE,USA,-0.32533430458091495,-0.3253343045809096,0.7222858498080815
CAM,SAS,0.0,2.151880109956805,1.9968099650905888,-0.1550701448662159,0.035597823757963686,-Inf,CAM,SAS,-Inf,-Inf,0.0
CAM,EEU,0.19015409490622698,2.1518801099568057,2.2223787569821605,0.0704986470253547,0.035597823757963686,-1.659920509703133,CAM,EEU,0.3823155018385189,0.3823155018384585,1.4656744351719477
CAM,MAF,0.4929344523519188,2.1518801099568043,2.1083633411445377,-0.04351676881226654,0.035597823757963686,-0.707379070468791,CAM,MAF,1.1547899246821312,1.1547899246821063,3.1733567035817636
CAM,WEU,0.13763942837616114,2.151880109956804,2.3680157155117327,0.21613560555492858,0.03672903225806452,-1.9831178510972185,CAM,WEU,0.2784932329226253,0.2784932329225276,1.3211376651249358
CAM,SSA,0.16949592923791595,2.1518801099568026,1.9474481570858975,-0.2044319528709051,0.035597823757963686,-1.774926368745509,CAM,SSA,-0.16689421002616234,-0.1668942100261428,0.8462891355072294
CAM,SIS,0.43579969385013245,2.151880109956803,2.1568473080411086,0.004967198084305652,0.035597823757963686,-0.8305725589727077,CAM,SIS,1.1081682155092207,1.1081682155091799,3.0288051914775926
CAM,LAM,0.28409762808906386,2.1518801099568052,2.1891536186005043,0.037273508643699126,0.035597823757963686,-1.2584373390161785,CAM,LAM,0.731325491652508,0.7313254916524565,2.077832933387285
CAM,FSU,0.2756869440340408,2.151880109956806,2.132593783672901,-0.019286326283904726,0.035597823757963686,-1.288489317771777,CAM,FSU,0.6119473402197908,0.6119473402197588,1.844018836713666
CAM,ANZ,0.09862972903552428,2.1518801099568043,2.378254423210608,0.2263743132538037,0.035597823757963686,-2.3163825513025365,CAM,ANZ,-0.027968723020337816,-0.027968723020440844,0.9724187806480432
CAM,MDE,0.10845916298264757,2.1518801099568057,2.2648764957683998,0.11299638581159419,0.035597823757963686,-2.2213815548897293,CAM,MDE,-0.11202794376410052,-0.11202794376417158,0.8940192748875859
CAM,CAM,0.45022237664789827,2.151880109956805,2.151880109956805,2.2204460492503128e-16,0.0315625,-0.7980136479510543,CAM,CAM,1.1708114107166234,1.1708114107165648,3.224608058830818
CAM,SEA,0.4843211116304389,2.1518801099568057,2.124727150099384,-0.027152959857421274,0.035597823757963686,-0.7250071384717712,CAM,SEA,1.1630055746855308,1.1630055746854988,3.19953528136307
CAM,CAN,0.11851820155606878,2.1518801099568043,2.3716568817588692,0.21977677180206492,0.035597823757963686,-2.132688730572894,CAM,CAN,0.1453054575580066,0.14530545755790536,1.1563927452293492
CAM,CHI,0.23566234456139853,2.151880109956804,2.2765614683414963,0.12468135838469242,0.035597823757963686,-1.4453552418310522,CAM,CHI,0.6824526996356646,0.6824526996355882,1.9787250034453154
CAM,JPK,0.09696075094429954,2.1518801099568043,2.344845494809532,0.1929653848527274,0.035597823757963686,-2.3334490118035465,CAM,JPK,-0.09779862795381433,-0.09779862795390848,0.9068314958827002
CAM,USA,0.09622646373258248,2.1518801099568043,2.3973736443904943,0.2454935344336899,0.03850193901582652,-2.3410508683657203,CAM,USA,-0.04973819621841402,-0.04973819621850817,0.9514784925632619
SEA,SAS,0.20454417311194975,2.124727150099386,1.9968099650905862,-0.12791718500879962,0.05535379556726833,-1.586971321387689,SEA,SAS,-0.22125717850648297,-0.22125717850634263,0.8015105225025481
SEA,EEU,0.3936819219363312,2.124727150099386,2.2223787569821623,0.09765160688277659,0.0803321428571429,-0.9322120004602814,SEA,EEU,0.5549696527817511,0.554969652781959,1.7418881225129492
SEA,MAF,0.4269348327854784,2.1247271500993854,2.1083633411445377,-0.016363808954847788,0.05535379556726833,-0.8511238938280355,SEA,MAF,0.690768912673135,0.6907689126732434,1.9952491159032324
SEA,WEU,0.18309634529676758,2.124727150099386,2.3680157155117314,0.24328856541234523,0.068629823939365,-1.6977427876496083,SEA,WEU,0.12943969614638928,0.12943969614649053,1.1381904721215852
SEA,SSA,0.31503372252369816,2.124727150099386,1.9474481570858997,-0.17727899301348618,0.05535379556726833,-1.1550755902557612,SEA,SSA,0.13268037981384806,0.13268037981400083,1.1418849705120329
SEA,SIS,0.4905422481609408,2.124727150099386,2.1568473080411072,0.03212015794172132,0.05535379556726833,-0.7122438708399852,SEA,SIS,0.9062207149921988,0.906220714992293,2.474951289933908
SEA,LAM,0.43854155767000785,2.124727150099386,2.189153618600505,0.06442646850111908,0.05535379556726833,-0.8243006993229814,SEA,LAM,0.8451859426959535,0.845185942696037,2.3284107252882413
SEA,FSU,0.5306945888444182,2.1247271500993854,2.1325937836729,0.007866633573514456,0.05535379556726833,-0.6335685854610232,SEA,FSU,0.9465918838807842,0.9465918838808837,2.5769122603402828
SEA,ANZ,0.10355336757475687,2.1247271500993854,2.378254423210608,0.2535272731112226,0.060958360125567136,-2.267668170425921,SEA,ANZ,-0.3522093326938407,-0.3522093326937821,0.7031329178617375
SEA,MDE,0.2527466249366652,2.124727150099386,2.2648764957683998,0.14014934566901416,0.036674780405566695,-1.375367774537023,SEA,MDE,0.5892787093996972,0.5892787093996616,1.8026876846695923
SEA,CAM,0.4873078225225953,2.124727150099386,2.151880109956804,0.027152959857418016,0.05535379556726833,-0.7188592764755674,SEA,CAM,0.8917605058071049,0.891760505807199,2.4394204870944547
SEA,SEA,0.15877983378119398,2.124727150099386,2.124727150099386,2.2204460492503128e-16,0.04990744251968798,-1.8402367295354847,SEA,SEA,-0.22130847544956578,-0.22130847544949117,0.8014694085174148
SEA,CAN,0.16675919802473177,2.124727150099386,2.3716568817588697,0.24692973165948395,0.0426839537987698,-1.7912044351395855,SEA,CAN,0.28560079720133635,0.2856007972013008,1.3305611854681225
SEA,CHI,0.31496342416332546,2.1247271500993854,2.2765614683414954,0.15183431824211002,0.05535379556726833,-1.1552987606654501,SEA,CHI,0.6522329921515169,0.6522329921515737,1.919822995894181
SEA,JPK,0.22277656080427616,2.1247271500993854,2.344845494809531,0.22011834471014557,0.06284344873156109,-1.5015859793165551,SEA,JPK,0.34339096178095674,0.3433909617810367,1.4097198007658263
SEA,USA,0.1564129632085127,2.124727150099386,2.3973736443904943,0.2726464942911084,0.04080041216048598,-1.8552555693407804,SEA,USA,0.27986861521984174,0.27986861521978845,1.3229559846373293
CAN,SAS,0.019506739906352957,2.3716568817588692,1.9968099650905875,-0.3748469166682819,0.0591314428404501,-3.9369952369076464,CAN,SAS,-1.3828730123474453,-1.382873012347543,0.2508568020666772
CAN,EEU,0.018641665031459722,2.3716568817588697,2.222378756982161,-0.1492781247767088,0.0591314428404501,-3.9823561479919087,CAN,EEU,-1.0719882434210204,-1.0719882434211803,0.34232721051701764
CAN,MAF,0.0212780935136502,2.3716568817588697,2.108363341144538,-0.2632935406143315,0.0591314428404501,-3.850077209046121,CAN,MAF,-1.1197763208659537,-1.1197763208660816,0.32635278476783947
CAN,WEU,0.021264129629440395,2.37165688175887,2.3680157155117305,-0.0036411662471398333,0.0591314428404501,-3.850733680837185,CAN,WEU,-0.710358172417469,-0.7103581724176715,0.49146813560235886
CAN,SSA,0.013161040627289592,2.3716568817588706,1.9474481570858995,-0.42420872467297127,0.0591314428404501,-4.3304942811892255,CAN,SSA,-1.8543302294406177,-1.8543302294407011,0.1565577653495393
CAN,SIS,0.01842148078625255,2.3716568817588706,2.156847308041104,-0.21480957371776627,0.0591314428404501,-3.9942378612529437,CAN,SIS,-1.1873651937417682,-1.1873651937419085,0.3050238850682433
CAN,LAM,0.019187461714635135,2.3716568817588697,2.189153618600504,-0.18250326315836568,0.0591314428404501,-3.953498248965174,CAN,LAM,-1.0956035252672494,-1.0956035252674003,0.33433776475747623
CAN,FSU,0.02122699731284452,2.37165688175887,2.1325937836729016,-0.23906309808596823,0.0591314428404501,-3.8524814493112305,CAN,FSU,-1.0839128982904227,-1.083912898290556,0.33826931924069714
CAN,ANZ,0.018859279257281394,2.3716568817588692,2.3782544232106075,0.006597541451738431,0.0591314428404501,-3.9707502179216134,CAN,ANZ,-0.8142044966101749,-0.8142044966103774,0.4429915885406414
CAN,MDE,0.019298775818896843,2.3716568817588697,2.2648764957683993,-0.10678038599047057,0.0591314428404501,-3.9477136141557083,CAN,MDE,-0.9702281100008414,-0.9702281100010155,0.3789965753331443
CAN,CAM,0.02017818764799507,2.3716568817588692,2.1518801099568043,-0.219776771802065,0.0591314428404501,-3.9031530774061713,CAN,CAM,-1.1041252134445094,-1.1041252134446498,0.33150074783557554
CAN,SEA,0.01902094698413798,2.3716568817588697,2.124727150099386,-0.2469297316594841,0.0591314428404501,-3.9622144342432244,CAN,SEA,-1.206069828056679,-1.206069828056814,0.2993715520462138
CAN,CAN,0.0,2.3716568817588692,2.3716568817588692,0.0,0.0591314428404501,-Inf,CAN,CAN,-Inf,-Inf,0.0
CAN,CHI,0.021778480622876177,2.3716568817588692,2.2765614683414954,-0.09509541341737383,0.0591314428404501,-3.826832924109201,CAN,CHI,-0.8308930896132409,-0.8308930896134186,0.4356600290797334
CAN,JPK,0.02182842890337513,2.3716568817588692,2.344845494809532,-0.026811386949337438,0.0591314428404501,-3.8245420806219883,CAN,JPK,-0.7207598037430145,-0.7207598037432099,0.486382560239854
CAN,USA,0.021460256600869046,2.3716568817588692,2.3973736443904943,0.025716762631624684,0.0591314428404501,-3.8415525846810317,CAN,USA,-0.6548114631398549,-0.6548114631400681,0.519540005795218
CHI,SAS,0.5939679623110551,2.276561468341496,1.9968099650905877,-0.2797515032509081,0.08285893381663913,-0.5209298965773379,CHI,SAS,1.3388278001029295,1.3388278001030556,3.8145694457208648
CHI,EEU,0.34845379912839775,2.2765614683414954,2.222378756982161,-0.0541827113593346,0.08285893381663913,-1.0542496282200455,CHI,EEU,1.1617537484709055,1.1617537484709677,3.1955325251235536
CHI,MAF,0.5882839426179874,2.2765614683414954,2.108363341144538,-0.16819812719695723,0.08285893381663913,-0.5305455520312509,CHI,MAF,1.505390808268979,1.5053908082690732,4.505914234778942
CHI,WEU,0.20437848792909497,2.2765614683414945,2.3680157155117314,0.09145424717023663,0.0883505317648271,-1.5877816711565165,CHI,WEU,0.8066123108778689,0.8066123108779186,2.24030565767672
CHI,SSA,0.42199105185232777,2.276561468341493,1.9474481570859004,-0.3291133112555928,0.16780192307692304,-0.8627711693123397,CHI,SSA,0.12062647024903139,0.1206264702496247,1.128203416110487
CHI,SIS,0.5368932022076621,2.2765614683414945,2.156847308041104,-0.11971416030039009,0.08285893381663913,-0.6219560828226993,CHI,SIS,1.49055205680853,1.4905520568086117,4.439545724058991
CHI,LAM,0.4758463832783709,2.2765614683414954,2.1891536186005043,-0.08740784974099144,0.08285893381663913,-0.7426602010424832,CHI,LAM,1.4208699947755077,1.4208699947755752,4.140721279548625
CHI,FSU,0.5311260199859585,2.2765614683414954,2.1325937836729016,-0.14396768466859358,0.08285893381663913,-0.6327559601235716,CHI,FSU,1.4414480630172952,1.441448063017384,4.226812077813186
CHI,ANZ,0.15718156013727644,2.276561468341496,2.3782544232106075,0.10169295486911192,0.06861920561113673,-1.8503537077931622,CHI,ANZ,0.745670501175028,0.7456705011749747,2.107854280042215
CHI,MDE,0.2968056000950552,2.2765614683414954,2.2648764957684,-0.01168497257309505,0.08285893381663913,-1.2146778996221197,CHI,MDE,1.06844307665281,1.0684430766528596,2.910844009189485
CHI,CAM,0.42428456677927523,2.276561468341496,2.1518801099568035,-0.12468135838469215,0.08285893381663913,-0.8573509008049932,CHI,CAM,1.2473124352767333,1.2473124352768168,3.4809750289530745
CHI,SEA,0.32371378407412904,2.2765614683414954,2.124727150099386,-0.1518343182421095,0.0634211231200072,-1.1278955360893124,CHI,SEA,1.1165857259423573,1.116585725942343,3.054407794695223
CHI,CAN,0.15704208765104902,2.2765614683414954,2.3716568817588692,0.09509541341737385,0.05747878787878787,-1.8512414353487965,CHI,CAN,0.8390749005831286,0.8390749005830149,2.3142250979198074
CHI,CHI,0.20793627953991375,2.2765614683414954,2.2765614683414954,0.0,0.08285893381663913,-1.5705235945808647,CHI,CHI,0.7310517120351601,0.7310517120352045,2.0772641429470364
CHI,JPK,0.2713051862669876,2.276561468341496,2.344845494809532,0.0682840264680362,0.07363153130252784,-1.304510943145423,CHI,JPK,1.191637631065732,1.1916376310657124,3.292468643796512
CHI,USA,0.19528834174848875,2.2765614683414954,2.3973736443904943,0.12081217604899863,0.06070943396226416,-1.6332781369494236,CHI,USA,1.067287532398907,1.0672875323987987,2.9074823427718792
JPK,SAS,0.1035179079783669,2.344845494809532,1.9968099650905875,-0.34803552971894425,0.0591314428404501,-2.268010657298056,JPK,SAS,0.15322006092935014,0.15322006092928264,1.165581449659156
JPK,EEU,0.09437190225414503,2.344845494809531,2.2223787569821605,-0.12246673782737064,0.0591314428404501,-2.3605118957488,JPK,EEU,0.41696450248928985,0.4169645024891566,1.517348649879138
JPK,MAF,0.07985328242882414,2.344845494809532,2.1083633411445377,-0.2364821536649941,0.0591314428404501,-2.5275642977292576,JPK,MAF,0.06984508411811285,0.06984508411801515,1.0723420455723465
JPK,WEU,0.09346653514990388,2.344845494809531,2.368015715511731,0.02317022070219999,0.0591314428404501,-2.3701518195888345,JPK,WEU,0.6373321824980791,0.637332182497905,1.8914281572899854
JPK,SSA,0.05174727601347469,2.3448454948095327,1.9474481570858992,-0.3973973377236334,0.0591314428404501,-2.9613834856428354,JPK,SSA,-0.6181109402270262,-0.6181109402270795,0.5389616072364711
JPK,SIS,0.10424315705483027,2.344845494809532,2.156847308041104,-0.18799818676842733,0.0591314428404501,-2.2610290602194296,JPK,SIS,0.4129521009589454,0.4129521009588335,1.5112726356902744
JPK,LAM,0.0881212726588328,2.3448454948095314,2.1891536186005043,-0.15569187620902689,0.0591314428404501,-2.429041314814191,JPK,LAM,0.2959619025509368,0.2959619025508142,1.344418936924416
JPK,FSU,0.05267989960736028,2.344845494809531,2.1325937836729016,-0.2122517111366292,0.0591314428404501,-2.943521307815777,JPK,FSU,-0.30784426312777136,-0.30784426312787794,0.7350297803348194
JPK,ANZ,0.07073057714834771,2.344845494809532,2.3782544232106075,0.03340892840107559,0.0591314428404501,-2.6488773080870307,JPK,ANZ,0.37477690689161625,0.3747769068914404,1.4546668522660007
JPK,MDE,0.10833737651832988,2.3448454948095314,2.2648764957683998,-0.07996899904113154,0.0591314428404501,-2.2225050643092863,JPK,MDE,0.6220889335127819,0.6220889335126398,1.8628152776057876
JPK,CAM,0.091088365417332,2.344845494809532,2.1518801099568043,-0.19296538485272743,0.0591314428404501,-2.3959251950858227,JPK,CAM,0.2702111625430459,0.270211162542934,1.310241095365428
JPK,SEA,0.10078896354850832,2.3448454948095314,2.124727150099385,-0.22011834471014638,0.0591314428404501,-2.294726417945252,JPK,SEA,0.3285266819084929,0.3285266819083881,1.388920298878023
JPK,CAN,0.0728503468508662,2.344845494809532,2.3716568817588692,0.02681138694933737,0.0591314428404501,-2.6193479851873134,JPK,CAN,0.39388658964003564,0.39388658963986156,1.4827323819258424
JPK,CHI,0.087780647558926,2.344845494809532,2.2765614683414954,-0.06828402646803657,0.0591314428404501,-2.432914217682433,JPK,CHI,0.4301341104807337,0.4301341104805845,1.5374636997186597
JPK,JPK,0.08448551062851765,2.344845494809532,2.344845494809532,0.0,0.0591314428404501,-2.47117523117385,JPK,JPK,0.4997155393723305,0.4997155393721635,1.6482523411117773
JPK,USA,0.06858484907904995,2.344845494809532,2.3973736443904943,0.052528149580962094,0.0591314428404501,-2.6796836275491946,JPK,USA,0.37416598765918874,0.374165987659004,1.4537784397109659
USA,SAS,0.033495199881438356,2.3973736443904943,1.9968099650905875,-0.4005636792999066,0.0591314428404501,-3.3963531375389397,USA,SAS,-0.7147649474702309,-0.7147649474703535,0.4893071111546679
USA,EEU,0.030851792563147955,2.3973736443904943,2.222378756982161,-0.17499488740833305,0.0591314428404501,-3.4785604245441655,USA,EEU,-0.44072655446477116,-0.4407265544649559,0.643568663492188
USA,MAF,0.027360192833327662,2.3973736443904943,2.108363341144538,-0.289010303245956,0.0591314428404501,-3.5986661382508824,USA,MAF,-0.7408992845622073,-0.7408992845623619,0.4766850472086209
USA,WEU,0.03857843982609029,2.3973736443904943,2.3680157155117305,-0.029357928878763716,0.0591314428404501,-3.255061712288827,USA,WEU,0.012779761639392984,0.012779761639163834,1.0128617717774704
USA,SSA,0.032210746135898825,2.397373644390495,1.9474481570858995,-0.4499254873045956,0.0591314428404501,-3.435455151179019,USA,SSA,-0.8318251339219049,-0.8318251339220133,0.4352541638007104
USA,SIS,0.02588282232860887,2.3973736443904943,2.156847308041104,-0.24052633634938997,0.0591314428404501,-3.6541757608669667,USA,SIS,-0.719837127847287,-0.7198371278474558,0.4868315408042091
USA,LAM,0.03439918383879794,2.3973736443904943,2.189153618600504,-0.20822002578999022,0.0591314428404501,-3.3697224405005803,USA,LAM,-0.38436175129414973,-0.3843617512943256,0.6808850715666963
USA,FSU,0.028884237420846334,2.3973736443904943,2.1325937836729016,-0.26477986071759246,0.0591314428404501,-3.5444592506220287,USA,FSU,-0.6484247340927167,-0.6484247340928766,0.5228687857339883
USA,ANZ,0.030759620200603844,2.3973736443904943,2.3782544232106075,-0.019119221179886323,0.0591314428404501,-3.4815524816054513,USA,ANZ,-0.19754079478550324,-0.1975407947857324,0.8207466577609104
USA,MDE,0.03200611022624728,2.3973736443904943,2.2648764957683993,-0.13249714862209488,0.0591314428404501,-3.441828449839777,USA,MDE,-0.3368769801764042,-0.33687698017660317,0.7139966702445942
USA,CAM,0.03961813359825888,2.3973736443904943,2.1518801099568043,-0.2454935344336899,0.0591314428404501,-3.2284683463867276,USA,CAM,-0.3019745169165562,-0.30197451691672317,0.7393569057431931
USA,SEA,0.033708558189804526,2.3973736443904943,2.124727150099386,-0.27264649429110843,0.0591314428404501,-3.390003521644509,USA,SEA,-0.5063929499494577,-0.5063929499496176,0.6026655075883114
USA,CAN,0.03511713413670389,2.3973736443904943,2.3716568817588692,-0.02571676263162464,0.0591314428404501,-3.3490661155749195,USA,CAN,-0.0754740689062694,-0.07547406890649677,0.92730377622337
USA,CHI,0.03498383488466191,2.3973736443904943,2.2765614683414954,-0.12081217604899858,0.0591314428404501,-3.3528691846213388,USA,CHI,-0.22946338461687077,-0.22946338461707327,0.7949600758727018
USA,JPK,0.03511713413670389,2.3973736443904943,2.344845494809532,-0.05252814958096216,0.0591314428404501,-3.3490661155749195,USA,JPK,-0.11781787318743797,-0.11781787318765824,0.8888579227340135
USA,USA,0.0,2.3973736443904943,2.3973736443904943,0.0,0.0591314428404501,-Inf,USA,USA,-Inf,-Inf,0.0
